pk_local,regiao,estado,microrregiao,zona,bairro,escola_codigo,escola_nome,cidade
1,Nordeste,Paraiba,11ª GRE,Urbana,GULTERINA ALENCAR VIDAL,25033158,EMEIF MAE IAIA,ÁGUA BRANCA
2,Nordeste,Paraiba,11ª GRE,Urbana,CENTRO,25033204,EEEFM JOSE NOMINANDO,ÁGUA BRANCA
3,Nordeste,Paraiba,11ª GRE,Rural,POVOADO LAGOINHA,25033212,EEEF JOAO PEREIRA DOS SANTOS,ÁGUA BRANCA
4,Nordeste,Paraiba,11ª GRE,Rural,NÃO INFORMADO,25033220,EEEIF SITIO EXU,ÁGUA BRANCA
5,Nordeste,Paraiba,11ª GRE,Rural,NÃO INFORMADO,25033271,EMEF SAO SEBASTIAO,ÁGUA BRANCA
6,Nordeste,Paraiba,11ª GRE,Rural,NÃO INFORMADO,25033298,EMEF ANTONIO LAURINDO DE MATOS,ÁGUA BRANCA
7,Nordeste,Paraiba,11ª GRE,Rural,NÃO INFORMADO,25033301,EMEF GUALTERINA ALENCAR VIDAL,ÁGUA BRANCA
8,Nordeste,Paraiba,11ª GRE,Urbana,NÃO INFORMADO,25033310,EMPG ISAIAS PEREIRA DA SILVA,ÁGUA BRANCA
9,Nordeste,Paraiba,11ª GRE,Rural,NÃO INFORMADO,25033328,EMEF IZIDIO HERCULANO DA SILVA,ÁGUA BRANCA
10,Nordeste,Paraiba,11ª GRE,Rural,NÃO INFORMADO,25033336,EMEF JOANA BATISTA DAS CHAGAS,ÁGUA BRANCA
11,Nordeste,Paraiba,11ª GRE,Rural,NÃO INFORMADO,25033344,EMEF JOAQUIM FELIX DOS SANTOS,ÁGUA BRANCA
12,Nordeste,Paraiba,11ª GRE,Rural,NÃO INFORMADO,25033352,EMEF JOSE BATISTA DIAS,ÁGUA BRANCA
13,Nordeste,Paraiba,11ª GRE,Rural,NÃO INFORMADO,25033360,GR ESC JOSE BARROS,ÁGUA BRANCA
14,Nordeste,Paraiba,11ª GRE,Rural,NÃO INFORMADO,25033387,EMEF LIBERALINO GALDINO DE MORAES,ÁGUA BRANCA
15,Nordeste,Paraiba,11ª GRE,Rural,NÃO INFORMADO,25033395,EMEF MANOEL VICENTE LEITE,ÁGUA BRANCA
16,Nordeste,Paraiba,11ª GRE,Rural,NÃO INFORMADO,25033417,GR ESC SEVERINO B DIAS,ÁGUA BRANCA
17,Nordeste,Paraiba,11ª GRE,Rural,NÃO INFORMADO,25033425,EMEF SEVERINO FIRMINO DE SANTANA,ÁGUA BRANCA
18,Nordeste,Paraiba,11ª GRE,Rural,NÃO INFORMADO,25033433,EMEF INOCENCIO SALES,ÁGUA BRANCA
19,Nordeste,Paraiba,11ª GRE,Rural,NÃO INFORMADO,25033441,EMEF CICERO GUEDES DA COSTA,ÁGUA BRANCA
20,Nordeste,Paraiba,11ª GRE,Rural,NÃO INFORMADO,25033450,GR ESC ANTONIO TERTULIANO PEREIRA,ÁGUA BRANCA
21,Nordeste,Paraiba,11ª GRE,Rural,NÃO INFORMADO,25033476,EMEF ANDRE ALVES DO NASCIMENTO,ÁGUA BRANCA
22,Nordeste,Paraiba,11ª GRE,Rural,NÃO INFORMADO,25033484,EMEF LUIS MENDES DA SILVA,ÁGUA BRANCA
23,Nordeste,Paraiba,11ª GRE,Rural,NÃO INFORMADO,25033492,EMEF PEDRO BERNARDINO DE SOUSA,ÁGUA BRANCA
24,Nordeste,Paraiba,11ª GRE,Rural,NÃO INFORMADO,25033514,EMEF JOSE GOMES DE SALES,ÁGUA BRANCA
25,Nordeste,Paraiba,11ª GRE,Rural,NÃO INFORMADO,25033522,EMEF ANISIO BARBOSA DE SOUZA,ÁGUA BRANCA
26,Nordeste,Paraiba,11ª GRE,Rural,NÃO INFORMADO,25033530,EMEF ANTONIO GOMES,ÁGUA BRANCA
27,Nordeste,Paraiba,11ª GRE,Rural,NÃO INFORMADO,25033549,EMEF AUGUSTO DOS ANJOS,ÁGUA BRANCA
28,Nordeste,Paraiba,11ª GRE,Rural,NÃO INFORMADO,25033557,EMEIF DELFINO JOSE DOS SANTOS,ÁGUA BRANCA
29,Nordeste,Paraiba,11ª GRE,Rural,NÃO INFORMADO,25033565,EMEF FRANCISCO ALVES DA SILVA,ÁGUA BRANCA
30,Nordeste,Paraiba,11ª GRE,Rural,NÃO INFORMADO,25033573,EMEF FRANCISCO LOPES DA SILVA,ÁGUA BRANCA
31,Nordeste,Paraiba,11ª GRE,Rural,NÃO INFORMADO,25033590,GR ESC JOAO FRANCISCO GOMES,ÁGUA BRANCA
32,Nordeste,Paraiba,11ª GRE,Rural,NÃO INFORMADO,25033603,EMEF JOAO IMACULADA DA SILVA,ÁGUA BRANCA
33,Nordeste,Paraiba,11ª GRE,Rural,NÃO INFORMADO,25033611,EMEF JOAQUIM EUGENIO DE MELO,ÁGUA BRANCA
34,Nordeste,Paraiba,11ª GRE,Rural,NÃO INFORMADO,25033646,EMEF MANOEL AMANCIO DA SILVA,ÁGUA BRANCA
35,Nordeste,Paraiba,11ª GRE,Rural,NÃO INFORMADO,25033654,EMEF MANUEL GONCALVES DE MOURA,ÁGUA BRANCA
36,Nordeste,Paraiba,11ª GRE,Rural,NÃO INFORMADO,25033662,GR ESC TIBURTINO CORREIA DE MELO,ÁGUA BRANCA
37,Nordeste,Paraiba,11ª GRE,Urbana,GUALTERINA ALENCAR VIDAL,25033670,EMEF ANTONIO VIRGOLINO BATISTA,ÁGUA BRANCA
38,Nordeste,Paraiba,11ª GRE,Urbana,CENTRO,25034200,EEEFM MARIA DO SOCORRO RAMALHO QUIRINO,IMACULADA
39,Nordeste,Paraiba,11ª GRE,Rural,RURAL,25034219,EEEFM SANTA CATARINA,IMACULADA
40,Nordeste,Paraiba,11ª GRE,Urbana,CENTRO,25034227,EEEIF DELMIRO DANTAS,IMACULADA
41,Nordeste,Paraiba,11ª GRE,Urbana,CENTRO,25034235,EMEF MIGUEL OTAVIANO DE MEDEIROS,IMACULADA
42,Nordeste,Paraiba,11ª GRE,Rural,NÃO INFORMADO,25034316,EMEIF ANTONIO EVARISTA DE LOIOLA GOMES,IMACULADA
43,Nordeste,Paraiba,11ª GRE,Rural,NÃO INFORMADO,25034324,EMEF ANTONIO FRANCISCO DA COSTA,IMACULADA
44,Nordeste,Paraiba,11ª GRE,Rural,ZONA RURAL,25034375,EMEIF CICERO MARINHO DOS SANTOS,IMACULADA
45,Nordeste,Paraiba,11ª GRE,Rural,NÃO INFORMADO,25034383,EMEIF CICERO PIRES DE ALMEIDA,IMACULADA
46,Nordeste,Paraiba,11ª GRE,Rural,ZONA RURAL,25034405,EMEIF IDELFONSO BENTO DE ARAUJO,IMACULADA
47,Nordeste,Paraiba,11ª GRE,Rural,ZONA RURAL,25034413,EMEIF JOAO BERNARDINO BARBOSA,IMACULADA
48,Nordeste,Paraiba,11ª GRE,Rural,NÃO INFORMADO,25034421,EMEIF JOAO FERREIRA DE GOUVEIA,IMACULADA
49,Nordeste,Paraiba,11ª GRE,Rural,NÃO INFORMADO,25034430,EMEIF JOAO MAMEDE DA SILVA,IMACULADA
50,Nordeste,Paraiba,11ª GRE,Rural,NÃO INFORMADO,25034456,EMEIF JOSE ALVES SABINO,IMACULADA
51,Nordeste,Paraiba,11ª GRE,Rural,NÃO INFORMADO,25034464,EMEIF JOSE VIEIRA DA SILVA,IMACULADA
52,Nordeste,Paraiba,11ª GRE,Rural,NÃO INFORMADO,25034480,EMEIF MANOEL LAURINDO ALVES,IMACULADA
53,Nordeste,Paraiba,11ª GRE,Rural,NÃO INFORMADO,25034499,EMEIF MANOEL PEREIRA DOS SANTOS,IMACULADA
54,Nordeste,Paraiba,11ª GRE,Rural,NÃO INFORMADO,25034510,EMEIF MARIA PEREIRA DOS SANTOS,IMACULADA
55,Nordeste,Paraiba,11ª GRE,Rural,NÃO INFORMADO,25034529,EMEIF MARIA ROSALINA DE JESUS,IMACULADA
56,Nordeste,Paraiba,11ª GRE,Rural,NÃO INFORMADO,25034537,EMEIF OTAVIO DA COSTA MAIA,IMACULADA
57,Nordeste,Paraiba,11ª GRE,Rural,NÃO INFORMADO,25034545,EMEIF PEDRO JORGE DE LACERDA,IMACULADA
58,Nordeste,Paraiba,11ª GRE,Rural,NÃO INFORMADO,25034570,EMEIF JOSE PEDRO DE MELO,IMACULADA
59,Nordeste,Paraiba,11ª GRE,Rural,NÃO INFORMADO,25034618,EMEIF LOURENCO ALVES CAMBUIM,IMACULADA
60,Nordeste,Paraiba,11ª GRE,Urbana,SAO JOSE,25034642,EMEIF MARIA MADALENA TORRES DANTAS,IMACULADA
61,Nordeste,Paraiba,11ª GRE,Rural,NÃO INFORMADO,25034669,EMEIF SILVINO ANTONIO RUFINO,IMACULADA
62,Nordeste,Paraiba,11ª GRE,Rural,NÃO INFORMADO,25034685,EMEIF ARNALDO ALVES CAVALCANTE,IMACULADA
63,Nordeste,Paraiba,11ª GRE,Rural,NÃO INFORMADO,25034707,EMEIF HUMBELINO JOSE FEITOSA,IMACULADA
64,Nordeste,Paraiba,11ª GRE,Rural,NÃO INFORMADO,25034715,EMEIF JOAO GONCALVES DA SILVA,IMACULADA
65,Nordeste,Paraiba,11ª GRE,Rural,NÃO INFORMADO,25034731,EMEF JOAQUIM ALVES FEITOSA,IMACULADA
66,Nordeste,Paraiba,11ª GRE,Rural,NÃO INFORMADO,25034766,EMEF JUSTINO CARNEIRO DA SILVA,IMACULADA
67,Nordeste,Paraiba,11ª GRE,Rural,NÃO INFORMADO,25034782,EMEIF MARIA FERREIRA NEVES,IMACULADA
68,Nordeste,Paraiba,11ª GRE,Rural,NÃO INFORMADO,25034804,EMEF OLEGARIO DIAS DA COSTA,IMACULADA
69,Nordeste,Paraiba,11ª GRE,Urbana,CENTRO,25034820,EEEFM AMERICA FLORENTINO,JURU
70,Nordeste,Paraiba,11ª GRE,Rural,NÃO INFORMADO,25034839,EEEM D ARLINDA PESSOA DA SILVA,JURU
71,Nordeste,Paraiba,11ª GRE,Rural,NÃO INFORMADO,25034847,EMEIF SITIO TIMBAUBA,JURU
72,Nordeste,Paraiba,11ª GRE,Rural,CENTRO,25034855,EMEIEF CORNELIO DE SOUZA NASCIMENTO,JURU
73,Nordeste,Paraiba,11ª GRE,Rural,NÃO INFORMADO,25034863,EMEF GERONIMO SIMOA,JURU
74,Nordeste,Paraiba,11ª GRE,Rural,NÃO INFORMADO,25034871,EMEIF JOAQUIM TEODOSIO DA SILVA,JURU
75,Nordeste,Paraiba,11ª GRE,Rural,NÃO INFORMADO,25034880,EMEIF VICENTE JOSE DE SOUZA,JURU
76,Nordeste,Paraiba,11ª GRE,Rural,NÃO INFORMADO,25034901,EMEIF SITIO BARRA DOS SOUZAS,JURU
77,Nordeste,Paraiba,11ª GRE,Rural,NÃO INFORMADO,25034952,EMEIF BERNARDINO RAMOS,JURU
78,Nordeste,Paraiba,11ª GRE,Rural,NÃO INFORMADO,25034960,EMEIF SITIO VARZEA,JURU
79,Nordeste,Paraiba,11ª GRE,Rural,NÃO INFORMADO,25034979,EMEIF VICENTE DE CARVALHO,JURU
80,Nordeste,Paraiba,11ª GRE,Rural,NÃO INFORMADO,25034995,EMEF MANOEL GALDINO DE MORAIS,JURU
81,Nordeste,Paraiba,11ª GRE,Rural,NÃO INFORMADO,25035002,EMEIF MANOEL RODRIGUES DOS SANTOS,JURU
82,Nordeste,Paraiba,11ª GRE,Rural,NÃO INFORMADO,25035010,EMEIF MANOEL SIMOA DA SILVA,JURU
83,Nordeste,Paraiba,11ª GRE,Rural,NÃO INFORMADO,25035029,EMEIF SITIO RIACHO SECO,JURU
84,Nordeste,Paraiba,11ª GRE,Rural,NÃO INFORMADO,25035061,EMEIF CIRILO FERREIRA NUNES,JURU
85,Nordeste,Paraiba,11ª GRE,Rural,NÃO INFORMADO,25035193,EMEIF LUIZ DE SOUSA BRASIL,JURU
86,Nordeste,Paraiba,11ª GRE,Rural,NÃO INFORMADO,25035207,EMEIF MANOEL BARBOSA,JURU
87,Nordeste,Paraiba,11ª GRE,Rural,NÃO INFORMADO,25035223,EMEF MANOEL FLORENTINO,JURU
88,Nordeste,Paraiba,11ª GRE,Rural,NÃO INFORMADO,25035231,EMEIF POSSIDONIO DA COSTA VERAS,JURU
89,Nordeste,Paraiba,11ª GRE,Rural,NÃO INFORMADO,25035240,EMEIF SILVINO FIRMINO DOS SANTOS,JURU
90,Nordeste,Paraiba,11ª GRE,Rural,NÃO INFORMADO,25035258,EMEIF JOAO RAMOS DA SILVA,JURU
91,Nordeste,Paraiba,11ª GRE,Rural,NÃO INFORMADO,25035266,EMEIF MANOEL JOAQUIM DE SOUSA,JURU
92,Nordeste,Paraiba,11ª GRE,Rural,NÃO INFORMADO,25035274,EMEIF SIMAO PIRES,JURU
93,Nordeste,Paraiba,11ª GRE,Rural,NÃO INFORMADO,25035282,EMEIF FRANCISCO A DE OLIVEIRA,JURU
94,Nordeste,Paraiba,11ª GRE,Rural,NÃO INFORMADO,25035290,EMEF JOSE EUFRASIO DO NASCIMENTO,JURU
95,Nordeste,Paraiba,11ª GRE,Rural,NÃO INFORMADO,25035304,EMEIF DR PLINIO LEMOS,JURU
96,Nordeste,Paraiba,11ª GRE,Rural,NÃO INFORMADO,25035320,EMEIF SEVERINO BARROS,JURU
97,Nordeste,Paraiba,11ª GRE,Rural,NÃO INFORMADO,25035347,EMEIF DO SITIO JORGE,JURU
98,Nordeste,Paraiba,11ª GRE,Rural,NÃO INFORMADO,25035355,EMEF SITIO ROSILHO,JURU
99,Nordeste,Paraiba,11ª GRE,Rural,NÃO INFORMADO,25035363,EMEIF COSME PIRES,JURU
100,Nordeste,Paraiba,11ª GRE,Rural,NÃO INFORMADO,25035371,EMEIF POLONORDESTE,JURU
101,Nordeste,Paraiba,11ª GRE,Rural,NÃO INFORMADO,25035380,EMEIF FRANCISCO GRANGEIRO DA SILVA,JURU
102,Nordeste,Paraiba,11ª GRE,Rural,NÃO INFORMADO,25035398,EMEIF POLONORDESTE,JURU
103,Nordeste,Paraiba,11ª GRE,Urbana,CENTRO,25035410,CRECHE ESCOLAR MARIA LUCIA SIMPLICIO,MANAÍRA
104,Nordeste,Paraiba,11ª GRE,Urbana,NÃO INFORMADO,25035436,EEEFM PROFESSOR CICERO RABELO NOGUEIRA,MANAÍRA
105,Nordeste,Paraiba,11ª GRE,Urbana,CENTRO,25035444,EEEF PROFESSORA ANTONIA DINIZ MAIA,MANAÍRA
106,Nordeste,Paraiba,11ª GRE,Rural,NÃO INFORMADO,25035452,EEEF SEBASTIANA DINO,MANAÍRA
107,Nordeste,Paraiba,11ª GRE,Rural,ZONA RURAL,25035479,EMEF ANTONIA ALVES DINIZ,MANAÍRA
108,Nordeste,Paraiba,11ª GRE,Rural,ZONA RURAL,25035487,EMEF ANTONIO DE SOUSA BRASIL,MANAÍRA
109,Nordeste,Paraiba,11ª GRE,Rural,ZONA RURAL,25035495,EMEF ANTONIO JOSE GUABIRABA,MANAÍRA
110,Nordeste,Paraiba,11ª GRE,Rural,ZONA RURAL,25035509,EMEF ANTONIO MACENA,MANAÍRA
111,Nordeste,Paraiba,11ª GRE,Rural,ZONA RURAL,25035517,EMEF ANTONIO FURTADO LEITE,MANAÍRA
112,Nordeste,Paraiba,11ª GRE,Rural,ZONA RURAL,25035525,EMEF SITIO AREIAS DE OLHO DAGUA,MANAÍRA
113,Nordeste,Paraiba,11ª GRE,Rural,ZONA RURAL,25035533,EMEF AREIAS DE PELO SINAL,MANAÍRA
114,Nordeste,Paraiba,11ª GRE,Rural,ZONA RURAL,25035568,EMEF BENEDITO CARNEIRO DA SILVA,MANAÍRA
115,Nordeste,Paraiba,11ª GRE,Rural,ZONA RURAL,25035576,EMEF CICERO RABELO NOGUEIRA,MANAÍRA
116,Nordeste,Paraiba,11ª GRE,Rural,ZONA RURAL,25035584,EMEF EUCLIDES TEIXEIRA CAMPOS,MANAÍRA
117,Nordeste,Paraiba,11ª GRE,Rural,ZONA RURAL,25035592,EMEF FERNANDO ADAO ELOI,MANAÍRA
118,Nordeste,Paraiba,11ª GRE,Rural,ZONA RURAL,25035673,EMEF MANOEL SANTANA DA SILVA,MANAÍRA
119,Nordeste,Paraiba,11ª GRE,Rural,ZONA RURAL,25035703,EMEF LUIZ DE SOUSA PRIMO,MANAÍRA
120,Nordeste,Paraiba,11ª GRE,Rural,ZONA RURAL,25035720,EMEF SITIO OLHO DAGUA DOS ANTONIOS,MANAÍRA
121,Nordeste,Paraiba,11ª GRE,Rural,ZONA RURAL,25035738,EMEF PEDRO DE FREITAS FRAZAO,MANAÍRA
122,Nordeste,Paraiba,11ª GRE,Rural,ZONA RURAL,25035746,EMEF SEBASTIANA MARIA DA CONCEICAO,MANAÍRA
123,Nordeste,Paraiba,11ª GRE,Rural,NÃO INFORMADO,25035754,EMEF SEBASTIANA DINO,MANAÍRA
124,Nordeste,Paraiba,11ª GRE,Rural,ZONA RURAL,25035827,EMEF SITIO QUEDA,MANAÍRA
125,Nordeste,Paraiba,11ª GRE,Rural,ZONA RURAL,25035843,EMEF SAO JOAQUIM,MANAÍRA
126,Nordeste,Paraiba,11ª GRE,Urbana,NÃO INFORMADO,25035908,EMEF DE MANAIRA,MANAÍRA
127,Nordeste,Paraiba,11ª GRE,Rural,ZONA RURAL,25035924,EMEF JOSE NICOLAU NOGUEIRA,MANAÍRA
128,Nordeste,Paraiba,11ª GRE,Rural,ZONA RURAL,25035932,EMEF JUVENCIO ANTAS,MANAÍRA
129,Nordeste,Paraiba,11ª GRE,Rural,ZONA RURAL,25035940,EMEF MANOEL LOPES DE SIQUEIRA,MANAÍRA
130,Nordeste,Paraiba,11ª GRE,Urbana,CENTRO,25035967,EMEF PROFESSOR CICERO RABELO NOGUEIRA,MANAÍRA
131,Nordeste,Paraiba,11ª GRE,Urbana,CENTRO,25036017,ENE MONS SEBASTIAO RABELO,MANAÍRA
132,Nordeste,Paraiba,11ª GRE,Rural,ZONA RURAL,25036106,EMEF MANOEL BARBOSA,MANAÍRA
133,Nordeste,Paraiba,11ª GRE,Urbana,NÃO INFORMADO,25036122,CRECHE SALVIANA NUNES DA SILVA,PRINCESA ISABEL
134,Nordeste,Paraiba,11ª GRE,Urbana,NÃO INFORMADO,25036130,CRECHE MUNICIPAL UNIDADE I,PRINCESA ISABEL
135,Nordeste,Paraiba,11ª GRE,Urbana,CRUZEIRO,25036297,EEEIF PROFESSORA IRACEMA MARQUES DE LIMA,PRINCESA ISABEL
136,Nordeste,Paraiba,11ª GRE,Urbana,CENTRO,25036300,EEEFN GAMA E MELO,PRINCESA ISABEL
137,Nordeste,Paraiba,11ª GRE,Urbana,CENTRO,25036335,EEEB NOSSA SENHORA DO BOM CONSELHO,PRINCESA ISABEL
138,Nordeste,Paraiba,11ª GRE,Urbana,CENTRO,25036343,EEEFM MINISTRO ALCIDES VIEIRA CARNEIRO,PRINCESA ISABEL
139,Nordeste,Paraiba,11ª GRE,Rural,NÃO INFORMADO,25036416,ESCOLA MUNICIPAL LAGE DA ONCA,SÃO JOSÉ DE PRINCESA
140,Nordeste,Paraiba,11ª GRE,Rural,NÃO INFORMADO,25036424,EMEF PROFª MARIA LOPES DE LIMA,PRINCESA ISABEL
141,Nordeste,Paraiba,11ª GRE,Rural,NÃO INFORMADO,25036432,EMEF DO SITIO OLHO DAGUA,PRINCESA ISABEL
142,Nordeste,Paraiba,11ª GRE,Rural,NÃO INFORMADO,25036467,ESCOLA MUNICIPAL SAQUINHO,SÃO JOSÉ DE PRINCESA
143,Nordeste,Paraiba,11ª GRE,Rural,NÃO INFORMADO,25036475,ESCOLA MUNICIPAL SERRA BRANCA,SÃO JOSÉ DE PRINCESA
144,Nordeste,Paraiba,11ª GRE,Rural,NÃO INFORMADO,25036483,ESCOLA MUNICIPAL TATAIRA NORTE,SÃO JOSÉ DE PRINCESA
145,Nordeste,Paraiba,11ª GRE,Rural,NÃO INFORMADO,25036505,EMEF SITIO ALEGRE,PRINCESA ISABEL
146,Nordeste,Paraiba,11ª GRE,Rural,NÃO INFORMADO,25036513,ESCOLA MUNICIPAL ALMAS,SÃO JOSÉ DE PRINCESA
147,Nordeste,Paraiba,11ª GRE,Rural,NÃO INFORMADO,25036521,EMEF JOSE SOBREIRA GUIMARAES,PRINCESA ISABEL
148,Nordeste,Paraiba,11ª GRE,Rural,NÃO INFORMADO,25036530,EMEF NOVA OLINDA,PRINCESA ISABEL
149,Nordeste,Paraiba,11ª GRE,Rural,NÃO INFORMADO,25036572,EMEF MARIA DO CARMO PIRES DINIZ,PRINCESA ISABEL
150,Nordeste,Paraiba,11ª GRE,Rural,NÃO INFORMADO,25036599,EMEF SITIO QUIXABA,PRINCESA ISABEL
151,Nordeste,Paraiba,11ª GRE,Rural,NÃO INFORMADO,25036661,EMEF ANTONIO BEZERRA DA SILVA,PRINCESA ISABEL
152,Nordeste,Paraiba,11ª GRE,Rural,NÃO INFORMADO,25036670,EMEF ANTONIO RODRIGUES DE MEDEIROS,PRINCESA ISABEL
153,Nordeste,Paraiba,11ª GRE,Rural,NÃO INFORMADO,25036688,EMEF DIONISIO PEDRO DE OLIVEIRA,PRINCESA ISABEL
154,Nordeste,Paraiba,11ª GRE,Rural,NÃO INFORMADO,25036696,EMEF JOAQUIM ALEXANDRE DA SILVA,PRINCESA ISABEL
155,Nordeste,Paraiba,11ª GRE,Rural,NÃO INFORMADO,25036700,EMEF JOSE RODRIGUES MAIA,PRINCESA ISABEL
156,Nordeste,Paraiba,11ª GRE,Rural,NÃO INFORMADO,25036718,EMEF LINDAURA PESSOA DE LIMA,PRINCESA ISABEL
157,Nordeste,Paraiba,11ª GRE,Rural,NÃO INFORMADO,25036726,ESCOLA MUNICIPAL LUIS BATISTA NETO,SÃO JOSÉ DE PRINCESA
158,Nordeste,Paraiba,11ª GRE,Rural,NÃO INFORMADO,25036734,EMEF MANOEL ALEXANDRINO FERREIRA,PRINCESA ISABEL
159,Nordeste,Paraiba,11ª GRE,Rural,NÃO INFORMADO,25036742,EMEF PROFESSORA ELISA MENDES,PRINCESA ISABEL
160,Nordeste,Paraiba,11ª GRE,Rural,NÃO INFORMADO,25036769,ESCOLA MUNICIPAL OTAVIO VERISSIMO,SÃO JOSÉ DE PRINCESA
161,Nordeste,Paraiba,11ª GRE,Rural,NÃO INFORMADO,25036777,ESCOLA MUNICIPAL PEDRO INACIO DE SOUSA,SÃO JOSÉ DE PRINCESA
162,Nordeste,Paraiba,11ª GRE,Rural,NÃO INFORMADO,25036785,ESCOLA MUNICIPAL SEBASTIANA GOMES DE SOUSA,SÃO JOSÉ DE PRINCESA
163,Nordeste,Paraiba,11ª GRE,Rural,NÃO INFORMADO,25036793,ESCOLA MUNICIPAL SEBASTIAO FLORENTINO PEREIRA,SÃO JOSÉ DE PRINCESA
164,Nordeste,Paraiba,11ª GRE,Rural,NÃO INFORMADO,25036807,EMEF VEREADOR FRANCISCO COSTA,PRINCESA ISABEL
165,Nordeste,Paraiba,11ª GRE,Rural,NÃO INFORMADO,25036815,EMEF VIRGULINO JOSE FERREIRA,PRINCESA ISABEL
166,Nordeste,Paraiba,11ª GRE,Rural,NÃO INFORMADO,25036823,EMEF JOAO MADEIRO,PRINCESA ISABEL
167,Nordeste,Paraiba,11ª GRE,Rural,NÃO INFORMADO,25036831,ESCOLA MUNICIPAL JOAQUIM JOVINO DE LIMA,SÃO JOSÉ DE PRINCESA
168,Nordeste,Paraiba,11ª GRE,Rural,NÃO INFORMADO,25036840,GRUPO ESCOLAR JOSE CABOCLO DA SILVA,PRINCESA ISABEL
169,Nordeste,Paraiba,11ª GRE,Rural,NÃO INFORMADO,25036858,ESCOLA MUNICIPAL PROFESSORA NILZA MANDU,SÃO JOSÉ DE PRINCESA
170,Nordeste,Paraiba,11ª GRE,Rural,NÃO INFORMADO,25036874,CRECHE MUNICIPAL UNIDADE III,PRINCESA ISABEL
171,Nordeste,Paraiba,11ª GRE,Rural,NÃO INFORMADO,25036890,EMEF JOAO BENEDITO FERREIRA,PRINCESA ISABEL
172,Nordeste,Paraiba,11ª GRE,Rural,NÃO INFORMADO,25036912,EMEF ACADEMICO JOSE SEVERIANO DINIZ,PRINCESA ISABEL
173,Nordeste,Paraiba,11ª GRE,Rural,NÃO INFORMADO,25036920,EMEF JOSE DE LOURO FLORENTINO,PRINCESA ISABEL
174,Nordeste,Paraiba,11ª GRE,Rural,NÃO INFORMADO,25036939,ESCOLA MUNICIPAL FREI ANASTACIO,SÃO JOSÉ DE PRINCESA
175,Nordeste,Paraiba,11ª GRE,Rural,NÃO INFORMADO,25036963,EMEF FREI MANOEL CARNEIRO LEAO,PRINCESA ISABEL
176,Nordeste,Paraiba,11ª GRE,Rural,NÃO INFORMADO,25036971,ESCOLA MUNICIPAL JOAO PAULO II,SÃO JOSÉ DE PRINCESA
177,Nordeste,Paraiba,11ª GRE,Rural,NÃO INFORMADO,25036980,ESCOLA MUNICIPAL JOAQUIM ANTAS FLORENTINO,SÃO JOSÉ DE PRINCESA
178,Nordeste,Paraiba,11ª GRE,Rural,NÃO INFORMADO,25037005,ESCOLA MUNICIPAL MARIA LOPES DE LIMA,SÃO JOSÉ DE PRINCESA
179,Nordeste,Paraiba,11ª GRE,Rural,NÃO INFORMADO,25037021,EMEF PROFESSORA MARIA DO SOCORRO,PRINCESA ISABEL
180,Nordeste,Paraiba,11ª GRE,Rural,NÃO INFORMADO,25037030,ESCOLA MUNICIPAL ROSA CARIRI,SÃO JOSÉ DE PRINCESA
181,Nordeste,Paraiba,11ª GRE,Urbana,CENTRO,25037072,EMEF NOSSA SENHORA DO ROSARIO,PRINCESA ISABEL
182,Nordeste,Paraiba,11ª GRE,Urbana,NÃO INFORMADO,25037080,EMEF PROFª ALICE MAIA,PRINCESA ISABEL
183,Nordeste,Paraiba,11ª GRE,Urbana,MAIA,25037099,EMEF CARLOS ALBERTO MEDEIROS DUARTE SOBREIRA,PRINCESA ISABEL
184,Nordeste,Paraiba,11ª GRE,Rural,ZONA RURAL,25037129,EEEF MARCAL LIMA NETO,PRINCESA ISABEL
185,Nordeste,Paraiba,11ª GRE,Urbana,CENTRO,25037137,EEEFM DEP NOMINANDO MUNIZ DINIZ,SÃO JOSÉ DE PRINCESA
186,Nordeste,Paraiba,11ª GRE,Rural,NÃO INFORMADO,25037145,ESCOLA MUNICIPAL ALZIRA MOURA MAGALHAES,SÃO JOSÉ DE PRINCESA
187,Nordeste,Paraiba,11ª GRE,Rural,NÃO INFORMADO,25037153,ESCOLA MUNICIPAL CALDEIRAO SUL,SÃO JOSÉ DE PRINCESA
188,Nordeste,Paraiba,11ª GRE,Rural,NÃO INFORMADO,25037161,ESCOLA MUNICIPAL BERNADINO CORDEIRO FLORENTINO,SÃO JOSÉ DE PRINCESA
189,Nordeste,Paraiba,11ª GRE,Rural,NÃO INFORMADO,25037170,ESCOLA MUNICIPAL SEBASTIAO FRANCISCO DOS SANTOS,SÃO JOSÉ DE PRINCESA
190,Nordeste,Paraiba,11ª GRE,Urbana,CENTRO,25037226,EEEFM ADRIANO FEITOSA,TAVARES
191,Nordeste,Paraiba,11ª GRE,Rural,CENTRO,25037234,EEEFM POVOADO SILVESTRE,TAVARES
192,Nordeste,Paraiba,11ª GRE,Rural,NÃO INFORMADO,25037250,EEEF SITIO BOA VISTA,TAVARES
193,Nordeste,Paraiba,11ª GRE,Rural,NÃO INFORMADO,25037277,EEEF SITIO MINADOURO,TAVARES
194,Nordeste,Paraiba,11ª GRE,Rural,NÃO INFORMADO,25037358,EEIF SAO FRANCISCO,TAVARES
195,Nordeste,Paraiba,11ª GRE,Rural,NÃO INFORMADO,25037420,EEEF DO POVOADO DE BELEM,TAVARES
196,Nordeste,Paraiba,11ª GRE,Urbana,NÃO INFORMADO,25037439,ESCOLA REUNIDA DE EIFM NORMAL PADRE TAVARES,TAVARES
197,Nordeste,Paraiba,11ª GRE,Rural,NÃO INFORMADO,25037447,GR ESC ANANIAS DEODATO DA SILVA,TAVARES
198,Nordeste,Paraiba,11ª GRE,Rural,NÃO INFORMADO,25037455,GR ESC CLAUDIO LEITE DA SILVA,TAVARES
199,Nordeste,Paraiba,11ª GRE,Rural,NÃO INFORMADO,25037471,EEIF JOAO MARCELINO DO NASCIMENTO,TAVARES
200,Nordeste,Paraiba,11ª GRE,Rural,NÃO INFORMADO,25037480,EEIF JOAO PEREIRA DA SILVA,TAVARES
201,Nordeste,Paraiba,11ª GRE,Rural,NÃO INFORMADO,25037498,EEIF JOSE NASCIMENTO DA SILVA,TAVARES
202,Nordeste,Paraiba,11ª GRE,Rural,NÃO INFORMADO,25037501,EEIF 15 DE NOVEMBRO,TAVARES
203,Nordeste,Paraiba,11ª GRE,Rural,NÃO INFORMADO,25037510,EEIF MARIA AMELIA DA CONCEICAO,TAVARES
204,Nordeste,Paraiba,11ª GRE,Rural,NÃO INFORMADO,25037528,EEIF MARIA ESTELA RODRIGUES,TAVARES
205,Nordeste,Paraiba,11ª GRE,Rural,NÃO INFORMADO,25037536,EEIF MARIA ROSA DA CONCEICAO,TAVARES
206,Nordeste,Paraiba,11ª GRE,Rural,NÃO INFORMADO,25037544,GR ESC MANOEL PINTO DO NASCIMENTO,TAVARES
207,Nordeste,Paraiba,11ª GRE,Rural,NÃO INFORMADO,25037552,EEIF BENEDITO PINTO DA SILVA,TAVARES
208,Nordeste,Paraiba,11ª GRE,Rural,NÃO INFORMADO,25037579,EEIF CICERO MARTINS GOMES,TAVARES
209,Nordeste,Paraiba,11ª GRE,Rural,NÃO INFORMADO,25037587,EEIF CLEMENTINO BATISTA,TAVARES
210,Nordeste,Paraiba,11ª GRE,Rural,NÃO INFORMADO,25037595,EEIF ERNESTO MARQUES DE SOUSA,TAVARES
211,Nordeste,Paraiba,11ª GRE,Rural,NÃO INFORMADO,25037609,EEIF MANOEL BERNARDINO DO NASCIMENTO,TAVARES
212,Nordeste,Paraiba,11ª GRE,Rural,NÃO INFORMADO,25037617,EEIF ALEXANDRINA FELIX DE SOUSA,TAVARES
213,Nordeste,Paraiba,11ª GRE,Rural,NÃO INFORMADO,25037633,GR ESC JOAO PAIVA,TAVARES
214,Nordeste,Paraiba,11ª GRE,Rural,NÃO INFORMADO,25037641,EEIF JOSE EUFRASIO LEITE,TAVARES
215,Nordeste,Paraiba,11ª GRE,Rural,NÃO INFORMADO,25037650,EEIF MARCELINO FORTUNATO,TAVARES
216,Nordeste,Paraiba,11ª GRE,Rural,NÃO INFORMADO,25037668,EEIEF SAO FRANCISCO,TAVARES
217,Nordeste,Paraiba,11ª GRE,Rural,NÃO INFORMADO,25037676,EEIF SEBASTIAO BARROS,TAVARES
218,Nordeste,Paraiba,11ª GRE,Urbana,NÃO INFORMADO,25037692,CRECHE CINDERELA JOANA EPAMINONDAS DE OLIVEIRA,TAVARES
219,Nordeste,Paraiba,11ª GRE,Rural,NÃO INFORMADO,25037730,GRUP ESC ANTONIO FLOR DA SILVA,TAVARES
220,Nordeste,Paraiba,11ª GRE,Rural,NÃO INFORMADO,25101587,ESCOLA TECNICA AGROPECUARIA,PRINCESA ISABEL
221,Nordeste,Paraiba,11ª GRE,Urbana,SAO SEBASTIAO,25104934,EEIF ISABEL MARIA DE FREITAS,TAVARES
222,Nordeste,Paraiba,11ª GRE,Rural,NÃO INFORMADO,25104969,EMEIF MARIA DE LOURDES GUILHERME,ÁGUA BRANCA
223,Nordeste,Paraiba,11ª GRE,Rural,NÃO INFORMADO,25105221,EMEIF SITIO PANELAS,JURU
224,Nordeste,Paraiba,11ª GRE,Rural,NÃO INFORMADO,25105230,EMEIF BAIXA GRANDE,JURU
225,Nordeste,Paraiba,11ª GRE,Rural,NÃO INFORMADO,25105515,EMEF JOAQUIM MINERVINO DE SOUSA,ÁGUA BRANCA
226,Nordeste,Paraiba,11ª GRE,Rural,ZONA RURAL,25105698,EMEF MANOEL ANTONIO SIMAO,MANAÍRA
227,Nordeste,Paraiba,11ª GRE,Urbana,NÃO INFORMADO,25109995,EMEIF FRANCISCA QUIRINO FERREIRA,IMACULADA
228,Nordeste,Paraiba,11ª GRE,Urbana,CENTRO,25111698,EMEIF ANTONIO ALVES DA SILVA,JURU
229,Nordeste,Paraiba,11ª GRE,Rural,NÃO INFORMADO,25113992,EMEIF JATOBA,JURU
230,Nordeste,Paraiba,11ª GRE,Rural,NÃO INFORMADO,25114000,EMEIF DOM BOSCO,JURU
231,Nordeste,Paraiba,11ª GRE,Rural,ZONA RURAL,25115839,EMEF NOSSA SENHORA DO CARMO,MANAÍRA
232,Nordeste,Paraiba,11ª GRE,Urbana,NÃO INFORMADO,25115863,CRECHE MUNICIPAL UNIDADE II,PRINCESA ISABEL
233,Nordeste,Paraiba,11ª GRE,Rural,ZONA RURAL,25118617,EMEF JOSE DELFINO DA ROCHA,MANAÍRA
234,Nordeste,Paraiba,11ª GRE,Urbana,CENTRO,25118846,CRECHE MUNICIPAL DONA GENI MARQUES,JURU
235,Nordeste,Paraiba,11ª GRE,Urbana,MAIA,25119028,CRECHE MUNICIPAL UNIDADE VI,PRINCESA ISABEL
236,Nordeste,Paraiba,11ª GRE,Urbana,CRUZEIRO,25119052,CRECHE MUL UNIDADE V,PRINCESA ISABEL
237,Nordeste,Paraiba,11ª GRE,Urbana,CENTRO,25119958,COLEGIO E CURSO MUNDO MAGICO E INFOR SOFT,PRINCESA ISABEL
238,Nordeste,Paraiba,11ª GRE,Rural,NÃO INFORMADO,25119974,EMEF ANTONIO RODRIGUES,ÁGUA BRANCA
239,Nordeste,Paraiba,11ª GRE,Rural,NÃO INFORMADO,25121960,EEIF INACIO ALVES,TAVARES
240,Nordeste,Paraiba,11ª GRE,Rural,NÃO INFORMADO,25121979,EEIF MANOEL FRANCISCO DA SILVA,TAVARES
241,Nordeste,Paraiba,11ª GRE,Rural,NÃO INFORMADO,25121987,EEIF MANOEL LOPES,TAVARES
242,Nordeste,Paraiba,11ª GRE,Urbana,CENTRO,25123726,ESCOLA JARDIM DE DEUS ACAO EVANGELICA,IMACULADA
243,Nordeste,Paraiba,11ª GRE,Urbana,GULTERINA ALENCAR VIDAL,25126989,CRECHE MARIA JOSE BARBOSA DE OLIVEIRA - DONA ZEZE,ÁGUA BRANCA
244,Nordeste,Paraiba,11ª GRE,Urbana,CENTRO,25128353,SISTEMA EDUCACIONAL LAPIS DE COR,PRINCESA ISABEL
245,Nordeste,Paraiba,11ª GRE,Urbana,CENTRO,25128655,ESCOLA DE EDUCACAO INFANTIL E FUNDAMENTAL TIA MAZE,PRINCESA ISABEL
246,Nordeste,Paraiba,11ª GRE,Urbana,BAIRRO DO ACUDE,25129341,EMEI PROFESSORA RITA PIRES TEIXEIRA,JURU
247,Nordeste,Paraiba,11ª GRE,Urbana,CHIQUINHO ALMEIDA,25129848,CENTRO MUNICIPAL DE EDUCACAO INFANTIL PROFESSORA MARIA DE FATIMA OLIVEIRA,TAVARES
248,Nordeste,Paraiba,11ª GRE,Urbana,CENTRO,25130790,CRECHE MUNICIPAL RAIMUNDA TRINDADE SABINO,IMACULADA
249,Nordeste,Paraiba,11ª GRE,Urbana,CASUSA,25131389,EMEF PROFESSORA LUIZA FERREIRA DOS SANTOS,PRINCESA ISABEL
250,Nordeste,Paraiba,11ª GRE,Urbana,ACUDE,25132105,EMEIF DONA ADGINA PIRES RAMOS,JURU
251,Nordeste,Paraiba,11ª GRE,Rural,NÃO INFORMADO,25178806,EMEF TIAGO DE OLIVEIRA LIMA,ÁGUA BRANCA
252,Nordeste,Paraiba,11ª GRE,Urbana,NÃO INFORMADO,25282930,IFPB - CAMPUS PRINCESA ISABEL,PRINCESA ISABEL
253,Nordeste,Paraiba,11ª GRE,Urbana,PADRE IBIAPINA,25287931,CRECHE COMUNITARIA INEZ DINIZ LIMA,PRINCESA ISABEL
